task,best_L_crps,log2_best_L_crps,ehs1pct_crps,log2_ehs1pct_crps,benefit_crps,rel_benefit_crps,benefit_boot_p_gt0_crps,best_L_nmse,log2_best_L_nmse,ehs1pct_nmse,log2_ehs1pct_nmse,benefit_nmse,rel_benefit_nmse,benefit_boot_p_gt0_nmse,drift,calendar_acf_diff,long_acf_diff,periodicity_dt,long_acf,domain,freq,pred_len,windows,n_series,context_capped,z_drift,z_cal,z_gap,dominant
LOOP_SEATTLE_5T,2880,11.491853096329674,1440,10.491853096329674,0.2724326043720644,0.3437070250826909,1.0,1440,10.491853096329674,1440,10.491853096329674,3.9018099568902826,0.8290042781001262,1.0,0.1024291697086348,0.0297167586678934,0.0026076046336594,0.1404554453341541,-0.1511232933611561,transport,5T,48,20,64,False,-0.5926978754004771,-0.9500602248044033,0.3573623494039262,drift
LOOP_SEATTLE_H,2880,11.491853096329674,1440,10.491853096329674,0.2328604282779504,0.29506562416248355,1.0,2880,11.491853096329674,1440,10.491853096329674,0.5362052218129018,0.46646144470150436,1.0,0.0202041242209715,0.4843733178175434,-0.0135298195363363,0.2446060058674103,-0.0895373175743491,transport,H,48,19,64,False,-1.0019190288095072,1.1515515531637186,-2.1534705819732256,period
M_DENSE_H,1440,10.491853096329674,1440,10.491853096329674,0.6804516315535176,0.3045987901454554,1.0,96,6.584962500721156,96,6.584962500721156,-0.25633824661108306,-0.11682028987834504,0.4,0.02241171458384,0.6466602472100408,0.304694884666747,0.5164775371139673,0.7111763341460946,transport,H,48,20,30,False,-0.990932197860496,1.90170926090569,-2.892641458766186,period
SZ_TAXI_15T,2880,11.491853096329674,1440,10.491853096329674,0.43803638102522635,0.14335289867702977,1.0,2880,11.491853096329674,1440,10.491853096329674,0.19111579882025032,0.2546988920264871,1.0,0.364932030786746,0.0107522482454974,-0.0065275740092595,0.0891022870481972,0.1528795172751763,transport,15T,48,7,64,False,0.7137376874679211,-1.037722082232898,1.7514597697008192,drift
bitbrains_fast_storage_5T,336,8.39231742277876,336,8.39231742277876,-0.16322565812613998,-0.055560452880773194,0.328,336,8.39231742277876,336,8.39231742277876,7.394860413363819,0.26331079907664934,0.969,0.1969191281793103,0.1692030204622652,-0.0058373854637261,0.0715934629822093,0.0315501755887862,cloud,5T,48,18,64,False,-0.12243617397347523,-0.3052966890048289,0.1828605150313537,drift
bitbrains_rnd_5T,336,8.39231742277876,336,8.39231742277876,0.34417273620700284,0.08790108367750728,0.775,2880,11.491853096329674,2880,11.491853096329674,5673.163473891222,0.9921011181200392,0.609,0.1998858974530014,0.133123264547596,-0.0064397133770134,0.0761456338643955,0.0442248514552146,cloud,5T,48,18,64,False,-0.10767102867160369,-0.47207233196113313,0.36440130328952947,drift
bizitobs_application,720,9.491853096329674,720,9.491853096329674,0.07054094153128121,0.1092507312960378,0.643,720,9.491853096329674,720,9.491853096329674,27.970153577521664,0.5039263351126197,0.841,0.0522534155719393,0.3712641847710608,-0.0017548354892903,0.4012157445076957,-0.2072084314840431,cloud,10S,60,15,2,False,-0.8424147330708949,0.6287140807409168,-1.4711288138118117,period
bizitobs_l2c_5T,2880,11.491853096329674,2880,11.491853096329674,0.172831964265858,0.11275275468774915,1.0,2880,11.491853096329674,2880,11.491853096329674,0.07937292483025088,0.1672891674050277,0.988,0.5568245326585574,0.0684481332145643,-0.0109003887742026,0.7138020835541257,-0.7151661766835946,cloud,5T,48,20,7,False,1.668756568647,-0.7710276973150416,2.4397842659620417,drift
bizitobs_l2c_H,1440,10.491853096329674,1440,10.491853096329674,4.948743739981094,0.6947870083009106,1.0,2880,11.491853096329674,1440,10.491853096329674,1.306537522381678,0.8178555644238542,1.0,0.1040168143228037,0.1203478318410121,-0.0371357777199522,0.607051220546853,-0.6177322054575783,cloud,H,48,6,7,False,-0.5847964171968291,-0.5311256971979877,-0.05367071999884132,period
bizitobs_service,720,9.491853096329674,720,9.491853096329674,1.6489701073582224,0.628204834562191,0.995,2880,11.491853096329674,2880,11.491853096329674,44.59123041932965,0.48105040472084903,0.89,0.170962204123415,0.1936604969423223,-0.0315529827542238,0.3220167796776967,-0.106865247540826,cloud,10S,60,15,42,False,-0.2516197133452809,-0.19224405708855216,-0.05937565625672872,period
electricity_15T,720,9.491853096329674,720,9.491853096329674,0.3317193113920408,0.2857694355047446,1.0,2880,11.491853096329674,2880,11.491853096329674,0.5229246583539905,0.3549353916625817,0.996,0.016341350781985,0.4548634158899522,-0.0330718809483477,0.3109951659182591,-0.1091424156386076,energy,15T,48,20,64,False,-1.0211434462930704,1.0151445087482514,-2.0362879550413218,period
electricity_H,1440,10.491853096329674,720,9.491853096329674,0.26372579072189895,0.25675545159817614,1.0,2880,11.491853096329674,1440,10.491853096329674,0.2687964197472431,0.2811610490222883,1.0,0.257837640375183,0.7127297442155481,0.2362659840948573,0.3946474849960127,0.4684120241473509,energy,H,48,20,64,False,0.180745705427216,2.2071099645288847,-2.0263642591016686,period
ett1_15T,2880,11.491853096329674,1440,10.491853096329674,1.4442414344027077,0.48494712929001427,1.0,2880,11.491853096329674,2880,11.491853096329674,2.3986495841062925,0.7892906075453543,1.0,0.5227045071334073,0.1058235736587224,-0.0047029238938037,0.1807841543689331,0.1218170321099513,energy,15T,48,20,7,False,1.4989465537429363,-0.5982628613889981,2.0972094151319345,drift
ett1_H,2880,11.491853096329674,336,8.39231742277876,0.12677135738178746,0.07938623078468766,1.0,336,8.39231742277876,336,8.39231742277876,0.04156887954653388,0.04898449595303077,0.868,0.4580253073081007,0.3797630601175958,0.1460111744229453,0.2904054054296584,-0.0038500833571881,energy,H,48,20,7,False,1.177048321919443,0.6679994185817854,0.5090489033376576,drift
ett2_15T,2880,11.491853096329674,720,9.491853096329674,0.3132426650621978,0.25719855454980073,1.0,2880,11.491853096329674,2880,11.491853096329674,0.9580531302183825,0.5981640813041699,1.0,0.5416289572887173,0.1300168043581124,-0.0128437845816809,0.1707039989760155,0.1528984742336625,energy,15T,48,20,7,False,1.5931305736392773,-0.4864316834114197,2.079562257050697,drift
ett2_H,2880,11.491853096329674,720,9.491853096329674,0.08294709430514291,0.10208566582465002,1.0,2880,11.491853096329674,2880,11.491853096329674,0.16338855392776963,0.18228683170865445,1.0,0.6592862155961738,0.3023865854843021,0.0572579399726182,0.2212612473512802,0.0384244689584447,energy,H,48,20,7,False,2.1786922922855196,0.31033316005221917,1.8683591322333004,drift
jena_weather_10T,1440,10.491853096329674,1440,10.491853096329674,88.81480620017142,0.623174651798988,0.994,336,8.39231742277876,336,8.39231742277876,2443.9473223108034,0.10208314720101011,0.654,0.2754029318330377,0.0610314143132819,0.000765407204916,0.1463158125539959,0.0479642178116094,nature,10T,48,20,21,False,0.2681654056866408,-0.8053108578306769,1.0734762635173176,drift
jena_weather_H,720,9.491853096329674,720,9.491853096329674,0.4429381178267957,0.12639304295140766,0.924,2880,11.491853096329674,2880,11.491853096329674,0.48853505734129377,0.35329078091716953,1.0,0.3433211952803563,0.2663625048911722,0.1811671243684853,0.2554582399956181,0.1471345046975479,nature,H,48,19,21,False,0.6061839490709691,0.1438148715959975,0.4623690774749716,drift
kdd_cup_2018_with_missing_H,1440,10.491853096329674,1440,10.491853096329674,1.5953763266572776,0.4155562402715869,1.0,1440,10.491853096329674,1440,10.491853096329674,0.35989975541989316,0.48864896831993865,1.0,0.1870148059943907,0.0880417374783041,-0.0126837697382706,0.0874268777924956,0.0117693054404326,nature,H,48,20,64,False,-0.17172843187627623,-0.6804579064149873,0.508729474538711,drift
saugeenday_D,1440,10.491853096329674,1440,10.491853096329674,1.0430206799713058,0.2818023820439309,0.998,1440,10.491853096329674,1440,10.491853096329674,0.23957520810235078,0.14775347682856096,0.653,0.0273969697858614,-0.0187353387603441,-0.000683221466553,0.1860371194075663,-0.0334420570766262,nature,D,30,20,1,False,-0.9661213647170149,-1.1740259777958308,0.20790461307881591,drift
saugeenday_W,720,9.491853096329674,720,9.491853096329674,1.1694897831937343,0.2767139997196763,1.0,1440,10.491853096329674,1440,10.491853096329674,3.909372162407439,0.8470176139917351,1.0,0.0209039766355676,0.0259421766211609,-0.0214908121122267,0.2257399476163274,-0.1951713251270707,nature,W,8,20,1,False,-0.9984359731222947,-0.967507913453516,-0.03092805966877865,period
solar_10T,336,8.39231742277876,336,8.39231742277876,194.02307197891818,0.779145803299457,1.0,2880,11.491853096329674,2880,11.491853096329674,3186.5730944940974,0.9908989795833182,1.0,0.0325073952813735,0.2351995397195212,-0.0228175088629695,0.3638944915065277,0.1767531335870106,energy,10T,48,20,64,False,-0.94068757865729,-0.0002333188967195934,-0.9404542597605704,period
solar_H,720,9.491853096329674,720,9.491853096329674,-0.011503684156676464,-0.0025360943555629897,0.445,1440,10.491853096329674,1440,10.491853096329674,0.5225190687892525,0.16936666159368233,0.967,0.0180756878301956,0.6766493714326818,-0.2852673900280342,0.6470970350575515,-0.1155233560171219,energy,H,48,19,64,False,-1.0125119228556618,2.040331470151123,-3.0528433930067846,period
us_births_D,1440,10.491853096329674,1440,10.491853096329674,0.03049221119675835,0.11652007851804966,0.809,1440,10.491853096329674,1440,10.491853096329674,0.10231289112894548,0.11097651991648907,0.739,0.3271171201864328,0.1860966930752133,0.0518987880779189,0.2944407581303276,-0.2083903203444205,demo,D,30,20,1,False,0.525538809131742,-0.2272071055114935,0.7527459146432355,drift
hierarchical_sales_D,1440,10.491853096329674,720,9.491853096329674,0.45198592257605696,0.07094018641237167,1.0,1440,10.491853096329674,720,9.491853096329674,0.2544005764511392,0.28795963163783456,1.0,0.0596044111504183,0.0475295950042148,-0.0029413195955974,0.0374648488220263,-0.004553409332816,sales,D,30,7,64,True,-0.8058299811684931,-0.867721884160098,0.06189190299160485,drift
