stat,target,n,spearman,p,subset
drift,rel_benefit_crps,25,-0.19692307692307692,0.34543032119624895,all25
calendar_acf_diff,rel_benefit_crps,25,-0.1753846153846154,0.4017184112492952,all25
long_acf_diff,rel_benefit_crps,25,-0.24923076923076923,0.22958524321981816,all25
periodicity_dt,rel_benefit_crps,25,0.14153846153846153,0.49975763869148104,all25
long_acf,rel_benefit_crps,25,0.10999999999999999,0.6006715408190598,all25
drift,benefit_crps,25,-0.14076923076923076,0.5021146784013018,all25
calendar_acf_diff,benefit_crps,25,-0.4123076923076923,0.04054742886120217,all25
long_acf_diff,benefit_crps,25,-0.22538461538461538,0.27870069210212717,all25
periodicity_dt,benefit_crps,25,-0.10615384615384615,0.6135400689983799,all25
long_acf,benefit_crps,25,0.26,0.20941828735873613,all25
drift,log2_best_L_crps,25,0.4895055730691621,0.0130074623343378,all25
calendar_acf_diff,log2_best_L_crps,25,-0.20686722006854022,0.3211153764118958,all25
long_acf_diff,log2_best_L_crps,25,0.2746202436956396,0.1840078352290286,all25
periodicity_dt,log2_best_L_crps,25,-0.09581640619453703,0.6486736429059572,all25
long_acf,log2_best_L_crps,25,0.018441651401459012,0.930278307850364,all25
drift,log2_ehs1pct_crps,25,0.0705432098221237,0.7375676801438971,all25
calendar_acf_diff,log2_ehs1pct_crps,25,-0.3844811202001127,0.057739701428381404,all25
long_acf_diff,log2_ehs1pct_crps,25,0.06064240844358002,0.7733822003494318,all25
periodicity_dt,log2_ehs1pct_crps,25,0.1047834812562539,0.618152304552116,all25
long_acf,log2_ehs1pct_crps,25,-0.25412056871595434,0.22027445849004265,all25
drift,rel_benefit_nmse,25,-0.18230769230769234,0.3830917730325135,all25
calendar_acf_diff,rel_benefit_nmse,25,-0.18692307692307694,0.37095344799135543,all25
long_acf_diff,rel_benefit_nmse,25,-0.48307692307692307,0.014439400973032788,all25
periodicity_dt,rel_benefit_nmse,25,-0.17846153846153845,0.3933781555180631,all25
long_acf,rel_benefit_nmse,25,-0.06384615384615384,0.761739933956736,all25
drift,log2_best_L_nmse,25,0.2488889337786356,0.23024575718542245,all25
calendar_acf_diff,log2_best_L_nmse,25,0.04708709557974187,0.8231419663063725,all25
long_acf_diff,log2_best_L_nmse,25,-0.3716517186829626,0.06735799715363222,all25
periodicity_dt,log2_best_L_nmse,25,0.12276278490432703,0.5588117470036447,all25
long_acf,log2_best_L_nmse,25,0.10762764703941,0.6085955828480558,all25
drift,log2_ehs1pct_nmse,25,0.26278054161907244,0.20441226515560032,all25
calendar_acf_diff,log2_ehs1pct_nmse,25,-0.006120664789264109,0.9768353083028544,all25
long_acf_diff,log2_ehs1pct_nmse,25,-0.35622269073517115,0.0805015394105427,all25
periodicity_dt,log2_ehs1pct_nmse,25,0.10078694686321567,0.6316833321666626,all25
long_acf,log2_ehs1pct_nmse,25,0.037132033054868924,0.8601247168019222,all25
drift,rel_benefit_crps,24,-0.2617391304347826,0.21665169795328632,no_capped24
calendar_acf_diff,rel_benefit_crps,24,-0.2573913043478261,0.22466048988773962,no_capped24
long_acf_diff,rel_benefit_crps,24,-0.2626086956521739,0.21507317009837812,no_capped24
periodicity_dt,rel_benefit_crps,24,0.050434782608695654,0.8149558189775674,no_capped24
long_acf,rel_benefit_crps,24,0.11739130434782606,0.5848655143600632,no_capped24
drift,benefit_crps,24,-0.12869565217391304,0.5489587886992762,no_capped24
calendar_acf_diff,benefit_crps,24,-0.41130434782608694,0.04584897898373575,no_capped24
long_acf_diff,benefit_crps,24,-0.23130434782608694,0.2768178964626149,no_capped24
periodicity_dt,benefit_crps,24,-0.08956521739130434,0.6772689468428972,no_capped24
long_acf,benefit_crps,24,0.2773913043478261,0.1894123670698225,no_capped24
drift,log2_best_L_crps,24,0.4957695704109443,0.013752119238772465,no_capped24
calendar_acf_diff,log2_best_L_crps,24,-0.20509919214260983,0.3363453880168038,no_capped24
long_acf_diff,log2_best_L_crps,24,0.27708765031187027,0.18991733590414187,no_capped24
periodicity_dt,log2_best_L_crps,24,-0.09145703490685912,0.6708217492995074,no_capped24
long_acf,log2_best_L_crps,24,0.011318939963720189,0.958136238922773,no_capped24
drift,log2_ehs1pct_crps,24,0.060537188285915214,0.7787134546373797,no_capped24
calendar_acf_diff,log2_ehs1pct_crps,24,-0.4251573300387737,0.038350479587458845,no_capped24
long_acf_diff,log2_ehs1pct_crps,24,0.06519389507713945,0.7621522526282817,no_capped24
periodicity_dt,log2_ehs1pct_crps,24,0.07450730865958795,0.7293384540738475,no_capped24
long_acf,log2_ehs1pct_crps,24,-0.2542561908008439,0.23055594289727446,no_capped24
drift,rel_benefit_nmse,24,-0.1878260869565217,0.37945849831738243,no_capped24
calendar_acf_diff,rel_benefit_nmse,24,-0.2069565217391304,0.3318915676831471,no_capped24
long_acf_diff,rel_benefit_nmse,24,-0.47391304347826085,0.019311580010082523,no_capped24
periodicity_dt,rel_benefit_nmse,24,-0.2052173913043478,0.3360608896745527,no_capped24
long_acf,rel_benefit_nmse,24,-0.05826086956521739,0.7868436161547347,no_capped24
drift,log2_best_L_nmse,24,0.24032897471898318,0.2579742405885493,no_capped24
calendar_acf_diff,log2_best_L_nmse,24,0.016756004213474923,0.9380584506299309,no_capped24
long_acf_diff,log2_best_L_nmse,24,-0.35762100421330767,0.08621324256334965,no_capped24
periodicity_dt,log2_best_L_nmse,24,0.0871312219100696,0.6855962504936309,no_capped24
long_acf,log2_best_L_nmse,24,0.11250459971904592,0.6006948041408509,no_capped24
drift,log2_ehs1pct_nmse,24,0.260851241438053,0.21827146805531805,no_capped24
calendar_acf_diff,log2_ehs1pct_nmse,24,-0.06184173816624072,0.7740641619257194,no_capped24
long_acf_diff,log2_ehs1pct_nmse,24,-0.3366422438523179,0.10772221790786339,no_capped24
periodicity_dt,log2_ehs1pct_nmse,24,0.023713749221641184,0.9124200777771605,no_capped24
long_acf,log2_ehs1pct_nmse,24,0.04928740034301893,0.8190969125782563,no_capped24
drift,rel_benefit_crps,15,-0.0857142857142857,0.7613341261907667,n_series>=20
calendar_acf_diff,rel_benefit_crps,15,-0.0857142857142857,0.7613341261907667,n_series>=20
long_acf_diff,rel_benefit_crps,15,-0.07857142857142857,0.7807545523090466,n_series>=20
periodicity_dt,rel_benefit_crps,15,0.3,0.27731678036838386,n_series>=20
long_acf,rel_benefit_crps,15,0.09285714285714285,0.742045009907367,n_series>=20
drift,benefit_crps,15,0.1714285714285714,0.5412721760996331,n_series>=20
calendar_acf_diff,benefit_crps,15,-0.30357142857142855,0.27135583600386853,n_series>=20
long_acf_diff,benefit_crps,15,0.04642857142857142,0.8694915255450946,n_series>=20
periodicity_dt,benefit_crps,15,0.04642857142857142,0.8694915255450946,n_series>=20
long_acf,benefit_crps,15,0.3571428571428571,0.19127476343157904,n_series>=20
drift,log2_best_L_crps,15,0.07213322376300223,0.7983631125804549,n_series>=20
calendar_acf_diff,log2_best_L_crps,15,-0.25709020777070024,0.3549623613951819,n_series>=20
long_acf_diff,log2_best_L_crps,15,0.3051790236127017,0.26869804140919823,n_series>=20
periodicity_dt,log2_best_L_crps,15,-0.08323064280346411,0.7680724328040339,n_series>=20
long_acf,log2_best_L_crps,15,-0.06658451424277129,0.8136119119914851,n_series>=20
drift,log2_ehs1pct_crps,15,0.034503277967117704,0.9028414374076297,n_series>=20
calendar_acf_diff,log2_ehs1pct_crps,15,-0.21852076045841212,0.4339605631949086,n_series>=20
long_acf_diff,log2_ehs1pct_crps,15,0.23577239944197095,0.3975831979392388,n_series>=20
periodicity_dt,log2_ehs1pct_crps,15,0.028752731639264752,0.9189805656036097,n_series>=20
long_acf,log2_ehs1pct_crps,15,-0.057505463278529505,0.8386949263831921,n_series>=20
drift,rel_benefit_nmse,15,-0.0964285714285714,0.7324528633867308,n_series>=20
calendar_acf_diff,rel_benefit_nmse,15,-0.2071428571428571,0.4588428049634703,n_series>=20
long_acf_diff,rel_benefit_nmse,15,-0.3,0.27731678036838386,n_series>=20
periodicity_dt,rel_benefit_nmse,15,-0.25,0.36884629178393047,n_series>=20
long_acf,rel_benefit_nmse,15,-0.2928571428571428,0.289471667212401,n_series>=20
drift,log2_best_L_nmse,15,0.10582134322539875,0.7074036907948402,n_series>=20
calendar_acf_diff,log2_best_L_nmse,15,0.15873201483809815,0.5720496172362131,n_series>=20
long_acf_diff,log2_best_L_nmse,15,-0.35861677426385136,0.18931741373677072,n_series>=20
periodicity_dt,log2_best_L_nmse,15,0.14109512430053167,0.6159679091869916,n_series>=20
long_acf,log2_best_L_nmse,15,0.01763689053756646,0.950255796123006,n_series>=20
drift,log2_ehs1pct_nmse,15,-0.028234621965789103,0.9204361911349701,n_series>=20
calendar_acf_diff,log2_ehs1pct_nmse,15,0.12046772038736682,0.6689015978279848,n_series>=20
long_acf_diff,log2_ehs1pct_nmse,15,-0.47998857341841467,0.07017892485104792,n_series>=20
periodicity_dt,log2_ehs1pct_nmse,15,0.18070158058105026,0.5192652356423508,n_series>=20
long_acf,log2_ehs1pct_nmse,15,-0.18258388871210285,0.5148483257883909,n_series>=20
