config,name,domain,freq,n_series,target_dim,n_univariate,min_len,med_len,max_len,nan_frac,pred_len,windows,len_ok_2048,len_ok_1440,periods,season,size_mb
LOOP_SEATTLE/5T,LOOP_SEATTLE,transport,5T,323,1,323,105120,105120,105120,0.0,48,20,True,True,"[288, 2016]",288,135.8
LOOP_SEATTLE/D,LOOP_SEATTLE,transport,D,323,1,323,365,365,365,0.0,30,2,False,False,"[7, 30]",7,0.5
LOOP_SEATTLE/H,LOOP_SEATTLE,transport,H,323,1,323,8760,8760,8760,0.0,48,19,True,True,"[24, 168]",24,11.3
M_DENSE/D,M_DENSE,transport,D,30,1,30,730,730,730,0.0,30,3,False,False,"[7, 30]",7,0.7
M_DENSE/H,M_DENSE,transport,H,30,1,30,17520,17520,17520,0.0,48,20,True,True,"[24, 168]",24,16.8
SZ_TAXI/15T,SZ_TAXI,transport,15T,156,1,156,2976,2976,2976,0.0,48,7,True,True,"[96, 672]",96,1.9
SZ_TAXI/H,SZ_TAXI,transport,H,156,1,156,744,744,744,0.0,48,2,False,False,"[24, 168]",24,0.5
bitbrains_fast_storage/5T,bitbrains_fast_storage,cloud,5T,1250,2,2500,8640,8640,8640,0.045181296296296296,48,18,True,True,"[288, 2016]",288,302.5
bitbrains_fast_storage/H,bitbrains_fast_storage,cloud,H,1250,2,2500,721,721,721,0.043298751733703185,48,2,False,False,"[24, 168]",24,25.3
bitbrains_rnd/5T,bitbrains_rnd,cloud,5T,500,2,1000,8640,8640,8640,0.13131504629629628,48,18,True,True,"[288, 2016]",288,121.0
bitbrains_rnd/H,bitbrains_rnd,cloud,H,500,2,1000,720,720,720,0.12820555555555554,48,2,False,False,"[24, 168]",24,10.1
bizitobs_application,bizitobs_application,cloud,10S,1,2,2,8834,8834,8834,0.0,60,15,True,True,[],1,1.3
bizitobs_l2c/5T,bizitobs_l2c,cloud,5T,1,7,7,31968,31968,31968,0.0,48,20,True,True,"[288, 2016]",288,1.2
bizitobs_l2c/H,bizitobs_l2c,cloud,H,1,7,7,2664,2664,2664,0.0,48,6,True,True,"[24, 168]",24,0.1
bizitobs_service,bizitobs_service,cloud,10S,21,2,42,8835,8835,8835,0.0,60,15,True,True,[],1,26.7
car_parts_with_missing,car_parts_with_missing,sales,M,2674,1,2674,51,51,51,0.04489125493129188,12,1,False,False,[12],12,0.6
covid_deaths,covid_deaths,health,D,266,1,266,212,212,212,0.0,30,1,False,False,"[7, 30]",7,0.2
electricity/15T,electricity,energy,15T,370,1,370,140256,140256,140256,0.19189354909324108,48,20,True,True,"[96, 672]",96,207.6
electricity/D,electricity,energy,D,370,1,370,1461,1461,1461,0.1918770926984479,30,5,False,False,"[7, 30]",7,2.2
electricity/H,electricity,energy,H,370,1,370,35064,35064,35064,0.19189327931627723,48,20,True,True,"[24, 168]",24,51.9
electricity/W,electricity,energy,W-FRI,370,1,370,208,208,208,0.1918529106029106,48,1,False,False,[],1,0.3
ett1/15T,ett1,energy,15T,1,7,7,69680,69680,69680,0.0,48,20,True,True,"[96, 672]",96,2.0
ett1/D,ett1,energy,D,1,7,7,725,725,725,0.0,30,3,False,False,"[7, 30]",7,0.0
ett1/H,ett1,energy,H,1,7,7,17420,17420,17420,0.0,48,20,True,True,"[24, 168]",24,0.5
ett1/W,ett1,energy,W-THU,1,7,7,103,103,103,0.0,48,1,False,False,[],1,0.0
ett2/15T,ett2,energy,15T,1,7,7,69680,69680,69680,0.0,48,20,True,True,"[96, 672]",96,2.0
ett2/D,ett2,energy,D,1,7,7,725,725,725,0.0,30,3,False,False,"[7, 30]",7,0.0
ett2/H,ett2,energy,H,1,7,7,17420,17420,17420,0.0,48,20,True,True,"[24, 168]",24,0.5
ett2/W,ett2,energy,W-THU,1,7,7,103,103,103,0.0,48,1,False,False,[],1,0.0
hierarchical_sales/D,hierarchical_sales,sales,D,118,1,118,1825,1825,1825,0.014794520547945202,30,7,False,True,"[7, 30]",7,0.9
hierarchical_sales/W,hierarchical_sales,sales,W-WED,118,1,118,260,260,260,0.0,30,1,False,False,[],1,0.1
hospital,hospital,health,M,767,1,767,84,84,84,0.0,12,1,False,False,[12],12,0.3
jena_weather,jena_weather,nature,10T,1,21,21,52704,52704,52704,0.00017076502732240437,48,20,True,True,"[144, 1008]",144,4.4
jena_weather/10T,jena_weather,nature,10T,1,21,21,52704,52704,52704,0.00017076502732240437,48,20,True,True,"[144, 1008]",144,4.4
jena_weather/D,jena_weather,nature,D,1,21,21,366,366,366,0.0,30,2,False,False,"[7, 30]",7,0.0
jena_weather/H,jena_weather,nature,H,1,21,21,8784,8784,8784,0.00011384335154826958,48,19,True,True,"[24, 168]",24,0.7
kdd_cup_2018_with_missing/D,kdd_cup_2018_with_missing,nature,D,270,1,270,396,455,455,0.09393119226452559,30,2,False,False,"[7, 30]",7,0.5
kdd_cup_2018_with_missing/H,kdd_cup_2018_with_missing,nature,H,270,1,270,9504,10898,10920,0.1711275934162906,48,20,True,True,"[24, 168]",24,11.8
m4_daily,m4_daily,econ,D,4227,1,4227,107,2954,9933,0.0,14,1,False,False,"[7, 30]",7,40.2
m4_hourly,m4_hourly,econ,H,414,1,414,748,1008,1008,0.0,48,1,False,False,"[24, 168]",24,1.5
m4_monthly,m4_monthly,econ,M,48000,1,48000,60,220,2812,0.0,18,1,False,False,[12],12,46.2
m4_quarterly,m4_quarterly,econ,Q-DEC,24000,1,24000,24,96,874,0.0,48,1,False,False,[],1,10.3
m4_weekly,m4_weekly,econ,W-SUN,359,1,359,93,947,2610,0.0,48,1,False,False,[],1,1.5
m4_yearly,m4_yearly,econ,A-DEC,22974,1,22974,19,35,284,0.0,48,1,False,False,[],1,4.1
restaurant,restaurant,sales,D,807,1,807,67,296,478,0.13831229366903985,30,1,False,False,"[7, 30]",7,1.2
saugeenday/D,saugeenday,nature,D,1,1,1,23741,23741,23741,0.0,30,20,True,True,"[7, 30]",7,0.1
saugeenday/M,saugeenday,nature,M,1,1,1,780,780,780,0.0,12,7,False,False,[12],12,0.0
saugeenday/W,saugeenday,nature,W-THU,1,1,1,3391,3391,3391,0.0,48,8,True,True,[],1,0.0
solar/10T,solar,energy,10T,137,1,137,52560,52560,52560,0.0,48,20,True,True,"[144, 1008]",144,28.8
solar/D,solar,energy,D,137,1,137,365,365,365,0.0,30,2,False,False,"[7, 30]",7,0.2
solar/H,solar,energy,H,137,1,137,8760,8760,8760,0.0,48,19,True,True,"[24, 168]",24,4.8
solar/W,solar,energy,W-FRI,137,1,137,52,52,52,0.0,48,1,False,False,[],1,0.0
temperature_rain_with_missing,temperature_rain_with_missing,nature,D,32072,1,32072,725,725,725,0.0257539931705387,30,3,False,False,"[7, 30]",7,93.9
us_births/D,us_births,demo,D,1,1,1,7305,7305,7305,0.0,30,20,True,True,"[7, 30]",7,0.0
us_births/M,us_births,demo,M,1,1,1,240,240,240,0.0,12,2,False,False,[12],12,0.0
us_births/W,us_births,demo,W-TUE,1,1,1,1043,1043,1043,0.0,48,3,False,False,[],1,0.0
