task,domain,freq,pred_len,windows,n_series,L,L_eff,crps,mase,mse,mae,nmse,n_items,nan_step_frac
LOOP_SEATTLE_5T,transport,5T,48,20,64,96,96,0.792630,2.139124,95.833138,5.903450,4.706622,1280,0.0000
LOOP_SEATTLE_5T,transport,5T,48,20,64,336,336,0.602621,1.582857,56.747238,4.392652,1.425822,1280,0.0000
LOOP_SEATTLE_5T,transport,5T,48,20,64,720,720,0.525635,1.408709,45.818971,3.811429,0.837634,1280,0.0000
LOOP_SEATTLE_5T,transport,5T,48,20,64,1440,1440,0.523399,1.405524,46.445455,3.769808,0.796532,1280,0.0000
LOOP_SEATTLE_5T,transport,5T,48,20,64,2880,2048,0.520198,1.405429,46.729918,3.748313,0.804812,1280,0.0000
LOOP_SEATTLE_H,transport,H,48,19,64,96,96,0.789182,1.731460,96.981201,6.152109,1.149517,1216,0.0000
LOOP_SEATTLE_H,transport,H,48,19,64,336,336,0.664096,1.488795,75.023270,5.177050,0.811492,1216,0.0000
LOOP_SEATTLE_H,transport,H,48,19,64,720,720,0.592850,1.319020,61.708833,4.576622,0.677380,1216,0.0000
LOOP_SEATTLE_H,transport,H,48,19,64,1440,1440,0.557926,1.232253,56.615694,4.245475,0.618063,1216,0.0000
LOOP_SEATTLE_H,transport,H,48,19,64,2880,2048,0.556321,1.226098,56.620355,4.218943,0.613311,1216,0.0000
M_DENSE_H,transport,H,48,20,30,96,96,2.233928,1.254835,93020.831954,143.119659,2.194296,600,0.0000
M_DENSE_H,transport,H,48,20,30,336,336,1.642618,0.873525,44652.185324,91.847034,2.571767,600,0.0000
M_DENSE_H,transport,H,48,20,30,720,720,1.550517,0.812214,40122.234372,85.068918,2.323140,600,0.0000
M_DENSE_H,transport,H,48,20,30,1440,1440,1.532888,0.804329,39223.110654,83.729337,2.363194,600,0.0000
M_DENSE_H,transport,H,48,20,30,2880,2048,1.553476,0.817172,40138.373083,85.189111,2.450634,600,0.0000
SZ_TAXI_15T,transport,15T,48,7,64,96,96,3.055651,0.966674,19.901952,3.156850,0.750360,448,0.0000
SZ_TAXI_15T,transport,15T,48,7,64,336,336,2.798253,0.885120,17.203399,2.881023,0.639733,448,0.0000
SZ_TAXI_15T,transport,15T,48,7,64,720,720,2.643854,0.848541,16.378304,2.801413,0.571317,448,0.0000
SZ_TAXI_15T,transport,15T,48,7,64,1440,1440,2.624781,0.844393,16.271586,2.789250,0.561096,448,0.0000
SZ_TAXI_15T,transport,15T,48,7,64,2880,2048,2.617614,0.838182,16.223604,2.784220,0.559244,448,0.0000
bitbrains_fast_storage_5T,cloud,5T,48,18,64,96,96,2.937803,1.669844,357044.309798,95.935194,28.084152,1126,0.0238
bitbrains_fast_storage_5T,cloud,5T,48,18,64,336,336,2.582868,1.563600,304932.157761,86.531930,14.714265,1126,0.0238
bitbrains_fast_storage_5T,cloud,5T,48,18,64,720,720,3.023047,1.521663,331302.066866,90.530693,28.687395,1126,0.0238
bitbrains_fast_storage_5T,cloud,5T,48,18,64,1440,1440,3.238304,1.495132,270807.334679,81.541345,20.307602,1126,0.0238
bitbrains_fast_storage_5T,cloud,5T,48,18,64,2880,2048,3.101029,1.489013,272647.348991,81.108798,20.689291,1126,0.0238
bitbrains_rnd_5T,cloud,5T,48,18,64,96,96,3.915455,1.625497,37262.392601,27.410512,5718.331902,1129,0.0212
bitbrains_rnd_5T,cloud,5T,48,18,64,336,336,3.340774,1.287863,26247.642684,23.467170,194.883109,1129,0.0212
bitbrains_rnd_5T,cloud,5T,48,18,64,720,720,3.853958,1.268377,36368.929020,25.960787,26210.904981,1129,0.0212
bitbrains_rnd_5T,cloud,5T,48,18,64,1440,1440,3.531093,1.149849,33909.377146,24.704515,2090.237924,1129,0.0212
bitbrains_rnd_5T,cloud,5T,48,18,64,2880,2048,3.571282,1.120672,34242.344509,24.675286,45.168428,1129,0.0212
bizitobs_application,cloud,10S,60,15,2,96,96,0.645679,13.089365,15993191.114397,1546.069246,55.504449,30,0.0000
bizitobs_application,cloud,10S,60,15,2,336,336,0.444335,9.897597,4203598.357193,911.941826,84.743205,30,0.0000
bizitobs_application,cloud,10S,60,15,2,720,720,0.354084,8.805639,3403979.861454,873.243446,13.285349,30,0.0000
bizitobs_application,cloud,10S,60,15,2,1440,1440,0.535401,13.191150,11586925.253815,1453.353778,26.147940,30,0.0000
bizitobs_application,cloud,10S,60,15,2,2880,2048,0.575138,13.680840,15662610.931948,1653.811778,27.534295,30,0.0000
bizitobs_l2c_5T,cloud,5T,48,20,7,96,96,1.532840,19.972423,23.334132,2.917929,0.474465,140,0.0000
bizitobs_l2c_5T,cloud,5T,48,20,7,336,336,1.506812,19.502080,21.692285,2.786640,0.451780,140,0.0000
bizitobs_l2c_5T,cloud,5T,48,20,7,720,720,1.494167,20.550113,22.989703,2.951806,0.546643,140,0.0000
bizitobs_l2c_5T,cloud,5T,48,20,7,1440,1440,1.453259,19.940625,23.236922,2.885304,0.480532,140,0.0000
bizitobs_l2c_5T,cloud,5T,48,20,7,2880,2048,1.360008,19.054434,21.106892,2.695799,0.395092,140,0.0000
bizitobs_l2c_H,cloud,H,48,6,7,96,96,7.122677,10.812839,228.020488,10.150309,1.597516,42,0.0000
bizitobs_l2c_H,cloud,H,48,6,7,336,336,5.455705,9.144389,185.818744,8.687352,0.777000,42,0.0000
bizitobs_l2c_H,cloud,H,48,6,7,720,720,2.342435,4.612408,59.206467,4.798006,0.357859,42,0.0000
bizitobs_l2c_H,cloud,H,48,6,7,1440,1440,2.172724,4.229839,53.348469,4.412338,0.293647,42,0.0000
bizitobs_l2c_H,cloud,H,48,6,7,2880,2048,2.173934,4.213028,56.361603,4.468705,0.290979,42,0.0000
bizitobs_service,cloud,10S,60,15,42,96,96,2.624892,14.708481,55744.658430,68.770089,92.695547,630,0.0000
bizitobs_service,cloud,10S,60,15,42,336,336,4.743379,13.286988,30408.117173,56.144929,151254.770901,630,0.0000
bizitobs_service,cloud,10S,60,15,42,720,720,0.833789,12.334575,16267.599131,43.256590,473.586747,630,0.0000
bizitobs_service,cloud,10S,60,15,42,1440,1440,0.975034,14.532769,52143.797771,71.048870,369.481884,630,0.0000
bizitobs_service,cloud,10S,60,15,42,2880,2048,0.975922,14.890793,68135.564583,79.706743,48.104317,630,0.0000
electricity_15T,energy,15T,48,20,64,96,96,1.160794,2.279105,268178.008141,102.212812,1.473295,1280,0.0000
electricity_15T,energy,15T,48,20,64,336,336,0.876541,1.725225,257363.591533,91.520252,1.112571,1280,0.0000
electricity_15T,energy,15T,48,20,64,720,720,0.812903,1.592552,225217.998188,83.813692,1.061337,1280,0.0000
electricity_15T,energy,15T,48,20,64,1440,1440,0.825547,1.597785,212806.361537,81.840860,1.014071,1280,0.0000
electricity_15T,energy,15T,48,20,64,2880,2048,0.829074,1.606369,216790.062964,81.788715,0.950371,1280,0.0000
electricity_H,energy,H,48,20,64,96,96,1.027148,1.015809,112035.841776,97.542480,0.956023,1280,0.0000
electricity_H,energy,H,48,20,64,336,336,0.779331,0.827401,93880.582980,81.937067,0.723563,1280,0.0000
electricity_H,energy,H,48,20,64,720,720,0.766296,0.809724,93827.243313,81.193369,0.698941,1280,0.0000
electricity_H,energy,H,48,20,64,1440,1440,0.763419,0.806703,94980.507569,81.224929,0.687345,1280,0.0000
electricity_H,energy,H,48,20,64,2880,2048,0.763422,0.807926,94933.816406,81.242778,0.687227,1280,0.0000
ett1_15T,energy,15T,48,20,7,96,96,2.978142,4.774195,17.211701,2.125165,3.038994,140,0.0000
ett1_15T,energy,15T,48,20,7,336,336,1.599182,2.351858,4.935115,1.102007,0.705406,140,0.0000
ett1_15T,energy,15T,48,20,7,720,720,1.630271,2.358148,4.886880,1.106065,0.740942,140,0.0000
ett1_15T,energy,15T,48,20,7,1440,1440,1.539754,2.257234,4.363440,1.045355,0.676502,140,0.0000
ett1_15T,energy,15T,48,20,7,2880,2048,1.533901,2.236168,4.435908,1.052925,0.640345,140,0.0000
ett1_H,energy,H,48,20,7,96,96,1.596894,1.819648,115.732251,5.267401,0.848613,140,0.0000
ett1_H,energy,H,48,20,7,336,336,1.477220,1.728899,101.290872,4.937550,0.778378,140,0.0000
ett1_H,energy,H,48,20,7,720,720,1.497104,1.793114,106.423348,5.101182,0.878756,140,0.0000
ett1_H,energy,H,48,20,7,1440,1440,1.483575,1.771255,100.696556,4.992455,0.835806,140,0.0000
ett1_H,energy,H,48,20,7,2880,2048,1.470122,1.743241,100.346638,4.928634,0.807044,140,0.0000
ett2_15T,energy,15T,48,20,7,96,96,1.217902,4.583944,13.979935,2.461556,1.601656,140,0.0000
ett2_15T,energy,15T,48,20,7,336,336,0.995998,3.861394,8.243779,1.875174,0.994674,140,0.0000
ett2_15T,energy,15T,48,20,7,720,720,0.907548,3.552884,7.776482,1.820545,0.726721,140,0.0000
ett2_15T,energy,15T,48,20,7,1440,1440,0.912954,3.528032,8.386816,1.808914,0.655648,140,0.0000
ett2_15T,energy,15T,48,20,7,2880,2048,0.904659,3.479769,7.998674,1.772372,0.643603,140,0.0000
ett2_H,energy,H,48,20,7,96,96,0.812524,1.927915,122.163913,6.939359,0.896327,140,0.0000
ett2_H,energy,H,48,20,7,336,336,0.749702,1.791868,108.071246,6.509931,0.771166,140,0.0000
ett2_H,energy,H,48,20,7,720,720,0.733343,1.781929,108.333940,6.463364,0.743674,140,0.0000
ett2_H,energy,H,48,20,7,1440,1440,0.733924,1.772626,105.183826,6.388243,0.746753,140,0.0000
ett2_H,energy,H,48,20,7,2880,2048,0.729577,1.754826,104.643216,6.336601,0.732938,140,0.0000
jena_weather_10T,nature,10T,48,20,21,96,96,142.519931,4.398896,2183.266063,13.581702,23940.752116,420,0.0000
jena_weather_10T,nature,10T,48,20,21,336,336,53.248140,4.101873,1576.006116,9.990012,1048.503720,420,0.0000
jena_weather_10T,nature,10T,48,20,21,720,720,93.420178,4.135012,1325.178736,9.522309,40232.695609,420,0.0000
jena_weather_10T,nature,10T,48,20,21,1440,1440,50.370677,3.980352,979.450332,7.206105,37292.068129,420,0.0000
jena_weather_10T,nature,10T,48,20,21,2880,2048,53.705124,3.990213,844.477186,6.304866,21496.804793,420,0.0000
jena_weather_H,nature,H,48,19,21,96,96,3.504450,2.732149,1235.109645,10.187857,1.382813,399,0.0000
jena_weather_H,nature,H,48,19,21,336,336,3.025061,2.544703,1137.070334,9.237145,1.044376,399,0.0000
jena_weather_H,nature,H,48,19,21,720,720,2.930429,2.467409,1138.988496,9.110025,0.977374,399,0.0000
jena_weather_H,nature,H,48,19,21,1440,1440,2.966349,2.425836,1095.078870,8.829016,0.953120,399,0.0000
jena_weather_H,nature,H,48,19,21,2880,2048,3.061512,2.398171,1074.895364,8.796124,0.894278,399,0.0000
kdd_cup_2018_with_missing_H,nature,H,48,20,64,96,96,3.839135,3.720913,6097.576128,29.497690,0.736520,1113,0.1920
kdd_cup_2018_with_missing_H,nature,H,48,20,64,336,336,2.561990,2.424299,4863.979724,19.739687,0.461208,1113,0.1920
kdd_cup_2018_with_missing_H,nature,H,48,20,64,720,720,2.264882,2.094299,4532.165045,17.066576,0.381197,1113,0.1920
kdd_cup_2018_with_missing_H,nature,H,48,20,64,1440,1440,2.240260,2.086186,4606.232492,17.046397,0.374521,1113,0.1920
kdd_cup_2018_with_missing_H,nature,H,48,20,64,2880,2048,2.243758,2.093536,4587.831579,17.073142,0.376620,1113,0.1920
saugeenday_D,nature,D,30,20,1,96,96,3.701249,4.267086,1630.685459,20.934925,1.621452,20,0.0000
saugeenday_D,nature,D,30,20,1,336,336,3.321317,3.449580,1254.103042,17.399398,2.080201,20,0.0000
saugeenday_D,nature,D,30,20,1,720,720,2.815459,2.926915,972.684540,13.363703,1.624689,20,0.0000
saugeenday_D,nature,D,30,20,1,1440,1440,2.648894,2.820062,917.806412,12.701859,1.344888,20,0.0000
saugeenday_D,nature,D,30,20,1,2880,2048,2.658228,2.835940,923.148400,12.748659,1.381877,20,0.0000
saugeenday_W,nature,W,8,20,1,96,96,4.226349,1.595225,1433.771419,20.661439,4.615456,20,0.0000
saugeenday_W,nature,W,8,20,1,336,336,3.361674,1.362049,1151.525077,17.442526,1.000842,20,0.0000
saugeenday_W,nature,W,8,20,1,720,720,3.025809,1.208232,892.507372,15.434499,0.673506,20,0.0000
saugeenday_W,nature,W,8,20,1,1440,1440,3.079673,1.248673,916.742417,15.840605,0.658077,20,0.0000
saugeenday_W,nature,W,8,20,1,2880,2048,3.056859,1.220597,887.068269,15.495260,0.706083,20,0.0000
solar_10T,energy,10T,48,20,64,96,96,249.020242,6.487408,95.832481,4.539905,3215.840525,1280,0.0000
solar_10T,energy,10T,48,20,64,336,336,41.354901,5.272065,35.036260,2.884507,161.645412,1280,0.0000
solar_10T,energy,10T,48,20,64,720,720,52.200766,3.949650,21.990871,2.233492,148.359906,1280,0.0000
solar_10T,energy,10T,48,20,64,1440,1440,56.011985,4.141786,22.679645,2.217286,33.666270,1280,0.0000
solar_10T,energy,10T,48,20,64,2880,2048,54.997166,4.330799,24.204709,2.275728,29.267430,1280,0.0000
solar_H,energy,H,48,19,64,96,96,4.535984,0.900642,621.577450,11.439714,3.085135,1216,0.0000
solar_H,energy,H,48,19,64,336,336,4.611921,0.883244,605.055539,11.121311,3.161429,1216,0.0000
solar_H,energy,H,48,19,64,720,720,4.487252,0.863120,605.214024,10.762550,3.145537,1216,0.0000
solar_H,energy,H,48,19,64,1440,1440,4.521108,0.840093,591.215731,10.556065,2.500661,1216,0.0000
solar_H,energy,H,48,19,64,2880,2048,4.547488,0.845544,594.869676,10.641859,2.562616,1216,0.0000
us_births_D,demo,D,30,20,1,96,96,0.261691,0.572394,293466.469877,384.715556,0.921933,20,0.0000
us_births_D,demo,D,30,20,1,336,336,0.270810,0.600458,308066.552840,399.619630,0.874737,20,0.0000
us_births_D,demo,D,30,20,1,720,720,0.240248,0.530351,262643.190206,354.349630,0.832758,20,0.0000
us_births_D,demo,D,30,20,1,1440,1440,0.224667,0.483808,244459.495720,322.243333,0.764589,20,0.0000
us_births_D,demo,D,30,20,1,2880,2048,0.231198,0.492375,261889.195144,330.021111,0.819620,20,0.0000
hierarchical_sales_D,sales,D,30,7,64,96,96,6.371367,0.793976,32.481797,2.643660,0.883459,448,0.0238
hierarchical_sales_D,sales,D,30,7,64,336,336,6.060366,0.762581,31.586191,2.511188,0.689466,448,0.0238
hierarchical_sales_D,sales,D,30,7,64,720,720,5.919885,0.755449,30.617008,2.464927,0.626938,448,0.0238
hierarchical_sales_D,sales,D,30,7,64,1440,1440,5.914620,0.755608,30.515820,2.468782,0.624916,448,0.0238
hierarchical_sales_D,sales,D,30,7,64,2880,2048,5.919381,0.755584,30.528893,2.469061,0.629059,448,0.0238
