task,domain,freq,pred_len,windows,n_series,periods,season,context_capped,periodicity_dt_mean,periodicity_dt_std,drift_mean,drift_std,long_acf_mean,long_acf_std,calendar_acf_diff_mean,calendar_acf_diff_std,long_acf_diff_mean,long_acf_diff_std
LOOP_SEATTLE_5T,transport,5T,48,20,64,"[288, 2016]",288,False,0.14045544533415416,0.06113366040483144,0.1024291697086348,0.04199238954200065,-0.15112329336115615,0.09429858553320782,0.029716758667893427,0.017170742215601463,0.002607604633659441,0.010586601627058538
LOOP_SEATTLE_H,transport,H,48,19,64,"[24, 168]",24,False,0.24460600586741038,0.11047548080180951,0.020204124220971537,0.02333079794874005,-0.0895373175743491,0.0434650635358532,0.4843733178175434,0.09855959465405094,-0.013529819536336302,0.02348093830229369
M_DENSE_H,transport,H,48,20,30,"[24, 168]",24,False,0.5164775371139673,0.1270239192253802,0.02241171458384001,0.01949105587172758,0.7111763341460946,0.07932079390344947,0.6466602472100408,0.15043977245225762,0.30469488466674705,0.11274485303004973
SZ_TAXI_15T,transport,15T,48,7,64,"[96, 672]",96,False,0.0891022870481972,0.05693565327627186,0.364932030786746,0.19740825199100276,0.1528795172751763,0.1280128623551961,0.0107522482454974,0.028080775901493722,-0.0065275740092595414,0.024875209708688572
bitbrains_fast_storage_5T,cloud,5T,48,18,64,"[288, 2016]",288,False,0.07159346298220932,0.10435079565235608,0.19691912817931034,0.25330474554868915,0.03155017558878628,0.14668070636817868,0.16920302046226524,0.2414338065280496,-0.005837385463726131,0.04057177334160362
bitbrains_rnd_5T,cloud,5T,48,18,64,"[288, 2016]",288,False,0.07614563386439552,0.094968807898453,0.19988589745300142,0.24429223119875032,0.04422485145521461,0.12745357018120185,0.13312326454759604,0.1736978068466627,-0.0064397133770134575,0.03985178613154012
bizitobs_application,cloud,10S,60,15,2,[360],360,False,0.40121574450769576,0.006662643577860838,0.05225341557193931,0.04414681073526215,-0.20720843148404317,0.012033217226638637,0.3712641847710608,0.17871045477600875,-0.0017548354892903274,0.005130120014995222
bizitobs_l2c_5T,cloud,5T,48,20,7,"[288, 2016]",288,False,0.7138020835541257,0.10068460293573177,0.5568245326585574,0.07782356668217463,-0.7151661766835946,0.08417315314702235,0.06844813321456437,0.1440648693340461,-0.010900388774202602,0.011663546309901594
bizitobs_l2c_H,cloud,H,48,6,7,"[24, 168]",24,False,0.607051220546853,0.12373039822964006,0.10401681432280374,0.02103924869556384,-0.6177322054575783,0.11097284471719931,0.1203478318410121,0.10820692025924729,-0.037135777719952266,0.02767108032149866
bizitobs_service,cloud,10S,60,15,42,[360],360,False,0.3220167796776967,0.1604749845186152,0.17096220412341503,0.2956811574583292,-0.10686524754082602,0.18437192746816758,0.1936604969423223,0.1877431162808792,-0.031552982754223816,0.05836972932602685
electricity_15T,energy,15T,48,20,64,"[96, 672]",96,False,0.31099516591825915,0.35399357694191363,0.01634135078198508,0.027019388751836876,-0.10914241563860769,0.05142880430709978,0.45486341588995227,0.08924202422090789,-0.03307188094834773,0.035675389825840266
electricity_H,energy,H,48,20,64,"[24, 168]",24,False,0.39464748499601277,0.28118597319466476,0.257837640375183,0.23824267155446785,0.46841202414735095,0.3160043824003999,0.7127297442155481,0.2036731947193057,0.23626598409485733,0.19475640723304818
ett1_15T,energy,15T,48,20,7,"[96, 672]",96,False,0.1807841543689331,0.040727027664475855,0.5227045071334073,0.1741352704961202,0.1218170321099513,0.20309042412199863,0.10582357365872244,0.07424364343703642,-0.004702923893803739,0.0033137987996447976
ett1_H,energy,H,48,20,7,"[24, 168]",24,False,0.2904054054296584,0.10554034679839128,0.45802530730810076,0.20707891546116192,-0.0038500833571881404,0.341343309253972,0.37976306011759586,0.1625551234785066,0.1460111744229453,0.1299589767956866
ett2_15T,energy,15T,48,20,7,"[96, 672]",96,False,0.17070399897601551,0.067616649184893,0.5416289572887173,0.1294512014899849,0.15289847423366254,0.07729901031219588,0.13001680435811244,0.13150617416675586,-0.01284378458168092,0.028898020707409943
ett2_H,energy,H,48,20,7,"[24, 168]",24,False,0.22126124735128022,0.09563706557048164,0.6592862155961738,0.11407102964229295,0.03842446895844471,0.24223406424796018,0.3023865854843021,0.16933444265530742,0.057257939972618285,0.17868698621725915
jena_weather_10T,nature,10T,48,20,21,"[144, 1008]",144,False,0.1463158125539959,0.08921194023943163,0.2754029318330377,0.1776372666532316,0.04796421781160948,0.08991859927882194,0.061031414313281906,0.08674669186425296,0.0007654072049160823,0.013984214403481177
jena_weather_H,nature,H,48,19,21,"[24, 168]",24,False,0.2554582399956181,0.16478939905440232,0.3433211952803563,0.2660877176777114,0.14713450469754796,0.19024687541984814,0.26636250489117225,0.2381706363933395,0.18116712436848537,0.17425834527835574
kdd_cup_2018_with_missing_H,nature,H,48,20,64,"[24, 168]",24,False,0.08742687779249565,0.07910201999988817,0.1870148059943907,0.11176687956546526,0.011769305440432686,0.1140477121542911,0.08804173747830414,0.10353131979952845,-0.012683769738270668,0.0407560656316102
saugeenday_D,nature,D,30,20,1,"[7, 30]",7,False,0.18603711940756634,0.0,0.027396969785861456,0.0,-0.03344205707662623,0.0,-0.01873533876034412,0.0,-0.0006832214665530579,0.0
saugeenday_W,nature,W,8,20,1,"[4, 52]",52,False,0.2257399476163274,0.0,0.020903976635567676,0.0,-0.19517132512707078,0.0,0.025942176621160995,0.0,-0.021490812112226775,0.0
solar_10T,energy,10T,48,20,64,"[144, 1008]",144,False,0.3638944915065277,0.015238111823966585,0.03250739528137353,0.0046008283041431754,0.1767531335870106,0.01872774642078471,0.23519953971952126,0.056907634879487155,-0.022817508862969592,0.014857696795109588
solar_H,energy,H,48,19,64,"[24, 168]",24,False,0.6470970350575515,0.017137697713289612,0.018075687830195662,0.005387877365500722,-0.11552335601712199,0.02370498896723144,0.6766493714326818,0.02299008911345259,-0.28526739002803425,0.06005150077697748
us_births_D,demo,D,30,20,1,"[7, 30]",7,False,0.29444075813032766,0.0,0.32711712018643285,0.0,-0.2083903203444205,0.0,0.18609669307521332,0.0,0.05189878807791895,0.0
hierarchical_sales_D,sales,D,30,7,64,"[7, 30]",7,True,0.03746484882202637,0.018176093299345584,0.059604411150418396,0.03331069437269699,-0.004553409332816085,0.05159741571859734,0.04752959500421483,0.03581714250931567,-0.00294131959559744,0.03689676721937726
